<?xml version="1.0" encoding="utf-8"?>
<prefix name="spodnotification" label="Spod notification system" language_tag="nl" language_label="Nederlands">
<key name="console_menu_label"><value>SPOD email notification</value></key>
<key name="setup_page_heading"><value>SPOD email notification settings</value></key>
<key name="frequency_immediately"><value>Immediately</value></key>
<key name="frequency_every_day"><value>Every day</value></key>
<key name="frequency_every_month"><value>Every month</value></key>
<key name="save_settings"><value>Save settings</value></key>
<key name="settings_saved"><value>Settings saved</value></key>
<key name="email_notifications_subject_delayed"><value>Latest activities on SPOD</value></key>
<key name="email_notifications_delayed_news_on_plugin"><value>#N# news on #PLUGIN#, here is the last one:</value></key>
</prefix>
