<?xml version="1.0" encoding="utf-8"?>
<prefix name="spodnotification" label="Spod notification system" language_tag="it" language_label="Italiano">
<key name="console_menu_label"><value>Notifiche sulle attività in SPOD</value></key>
<key name="setup_page_heading"><value>Preferenze sulle notifiche su SPOD</value></key>
<key name="frequency_immediately"><value>Subito</value></key>
<key name="frequency_every_day"><value>Ogni giorno</value></key>
<key name="frequency_every_month"><value>Una volta al mese</value></key>
<key name="save_settings"><value>Salva la preferenze</value></key>
<key name="settings_saved"><value>Preferenze salvate</value></key>
<key name="email_notifications_subject_delayed"><value>Ultime attività su SPOD</value></key>
<key name="email_notifications_delayed_news_on_plugin"><value>#N# novità nella sezione #PLUGIN#, ecco l'ultima:</value></key>
</prefix>