<?xml version="1.0" encoding="utf-8"?>
<prefix name="spodnotification" label="Spod notification system" language_tag="it" language_label="Italiano">
<key name="console_menu_label"><value>Notifiche sulle attività in SPOD</value></key>
<key name="setup_page_heading"><value>Preferenze sulle notifiche su SPOD</value></key>
<key name="frequency_immediately"><value>Subito</value></key>
<key name="frequency_every_day"><value>Ogni giorno</value></key>
<key name="frequency_every_month"><value>Una volta al mese</value></key>
<key name="save_settings"><value>Salva la preferenze</value></key>
<key name="settings_saved"><value>Preferenze salvate</value></key>
<key name="email_notifications_subject_delayed"><value>Ultime attività su SPOD</value></key>
<key name="email_notifications_delayed_news_on_plugin"><value>#N# notifiche in #PLUGIN#, ecco l'ultima:</value></key>
<key name="site_name"><value>{$site_name}</value></key>
<key name="site_url"><value>{$site_url}</value></key>
<key name="hello"><value>Ciao</value></key>
<key name="go_to_spod"><value>Vai su SPOD</value></key>
<key name="connect_with_us"><value>Unisciti a Noi</value></key>
<key name="contact_info"><value>Contatti</value></key>
<key name="phone"><value>Telefono</value></key>
<key name="email"><value>Email</value></key>
<key name="office"><value>ufficio</value></key>
<key name="terms"><value>Termini d'uso</value></key>
<key name="privacy"><value>Privacy</value></key>
<key name="unsubscribe"><value>Disattiva Email</value></key>
<key name="read_more"><value>continua a leggere</value></key>
<key name="agora_new_comment"><value>{$user_name} ha commentato nell'Agora {$agora_subject}.</value></key>
<key name="agora_new_mention"><value>{$user_name} ti ha menzionato nell'Agora {$agora_subject}.</value></key>
</prefix>
